Number of Iterations, Selection Sort Times (s),Insertion Sort Times (s)
100.0000000000,0.0021048001,0.0008415000
1000.0000000000,0.1242552000,0.0780500000
10000.0000000000,10.0974070000,5.2753717999
